id,subject,content,author
1,Here is the subject for news #1,Here is the corresponding content for news #1,6
2,Here is the subject for news #2,Here is the corresponding content for news #2,5
3,Here is the subject for news #3,Here is the corresponding content for news #3,8
4,Here is the subject for news #4,Here is the corresponding content for news #4,6
5,Here is the subject for news #5,Here is the corresponding content for news #5,8
6,Here is the subject for news #6,Here is the corresponding content for news #6,4
7,Here is the subject for news #7,Here is the corresponding content for news #7,8
8,Here is the subject for news #8,Here is the corresponding content for news #8,8
9,Here is the subject for news #9,Here is the corresponding content for news #9,9
10,Here is the subject for news #10,Here is the corresponding content for news #10,4
11,Here is the subject for news #11,Here is the corresponding content for news #11,9
12,Here is the subject for news #12,Here is the corresponding content for news #12,6
13,Here is the subject for news #13,Here is the corresponding content for news #13,7
14,Here is the subject for news #14,Here is the corresponding content for news #14,5
15,Here is the subject for news #15,Here is the corresponding content for news #15,6
16,Here is the subject for news #16,Here is the corresponding content for news #16,7
17,Here is the subject for news #17,Here is the corresponding content for news #17,4
18,Here is the subject for news #18,Here is the corresponding content for news #18,7
19,Here is the subject for news #19,Here is the corresponding content for news #19,9
20,Here is the subject for news #20,Here is the corresponding content for news #20,5
21,Here is the subject for news #21,Here is the corresponding content for news #21,9
22,Here is the subject for news #22,Here is the corresponding content for news #22,7
23,Here is the subject for news #23,Here is the corresponding content for news #23,9
24,Here is the subject for news #24,Here is the corresponding content for news #24,6
25,Here is the subject for news #25,Here is the corresponding content for news #25,7
